<?xml version="1.0" encoding="UTF-8"?>
<beans xmlns="http://www.springframework.org/schema/beans"
	xmlns:xsi="http://www.w3.org/2001/XMLSchema-instance"
	xsi:schemaLocation="http://www.springframework.org/schema/beans http://www.springframework.org/schema/beans/spring-beans.xsd">

	
	<!-- 01.Bean屬性:
		id:唯一名稱
		class:類名(需要寫套件完全位置)	
		-->
	<bean id="person" class="model.Person">
	   <property name="id">
	   		<value>1013711</value>
	   </property>
	 
	   <property name="name">
	 	    <value>游宸昀</value>
	   </property>
	   
	   <property name="mail">
	   		<list>
	   			<value>dean199711@gmail.com</value>
	   			<value>dean188711@yahoo.com.tw</value>
	   			<value>s1013711@fcu.com</value>	
	   		</list>
	   </property>
	   
	   <property name="chName">
	   		<set>
	   			<value>游宸昀</value>
	   			<value>吳雅芬</value>
	   			<value>游小昀</value>	
	   			<value>吳小芬</value>	
	   			<value>吳雅芬</value>
	   		</set>
	   </property>
	   
	   
	</bean>


	<bean id="person1" class="model.Person"/>


	<bean id="bike" class="model.Bike"/>



</beans>
